setup_ns,hold_ns,c2q_ns,valid,c2q_threshold_ns
2.57376,2.57376,0.926585,True,1.11115
0.00376213,-0.401238,nan,False,
0.0140185,-0.401238,nan,False,
0.024275,-0.401238,nan,False,
0.0345314,-0.401238,nan,False,
0.0447878,-0.401238,nan,False,
0.0550442,-0.401238,nan,False,
0.0653006,-0.401238,nan,False,
0.075557,-0.401238,nan,False,
0.0858134,-0.401238,nan,False,
0.0960698,-0.401238,nan,False,
0.106326,-0.401238,nan,False,
0.116583,-0.401238,nan,False,
0.126839,-0.401238,nan,False,
0.137095,-0.401238,nan,False,
0.147352,-0.401238,nan,False,
0.157608,-0.401238,nan,False,
0.167865,-0.401238,nan,False,
0.178121,-0.401238,nan,False,
0.188378,-0.401238,nan,False,
0.198634,-0.401238,nan,False,
0.20889,-0.401238,nan,False,
0.219147,-0.401238,nan,False,
0.229403,-0.401238,nan,False,
0.23966,-0.401238,nan,False,
0.249916,-0.401238,nan,False,
0.260172,-0.401238,nan,False,
0.270429,-0.401238,nan,False,
0.280685,-0.401238,nan,False,
0.290942,-0.401238,nan,False,
0.301198,-0.401238,nan,False,
0.311454,-0.401238,nan,False,
0.321711,-0.401238,nan,False,
0.331967,-0.401238,nan,False,
0.342224,-0.401238,nan,False,
0.35248,-0.401238,nan,False,
0.362736,-0.401238,nan,False,
0.372993,-0.401238,nan,False,
0.383249,-0.401238,nan,False,
0.393506,-0.401238,nan,False,
0.403762,-0.401238,1.07948,True,
0.00376213,-0.390853,nan,False,
0.0140185,-0.390853,nan,False,
0.024275,-0.390853,nan,False,
0.0345314,-0.390853,nan,False,
0.0447878,-0.390853,nan,False,
0.0550442,-0.390853,nan,False,
0.0653006,-0.390853,nan,False,
0.075557,-0.390853,nan,False,
0.0858134,-0.390853,nan,False,
0.0960698,-0.390853,nan,False,
0.106326,-0.390853,nan,False,
0.116583,-0.390853,nan,False,
0.126839,-0.390853,nan,False,
0.137095,-0.390853,nan,False,
0.147352,-0.390853,nan,False,
0.157608,-0.390853,nan,False,
0.167865,-0.390853,nan,False,
0.178121,-0.390853,nan,False,
0.188378,-0.390853,nan,False,
0.198634,-0.390853,nan,False,
0.20889,-0.390853,nan,False,
0.219147,-0.390853,nan,False,
0.229403,-0.390853,nan,False,
0.23966,-0.390853,nan,False,
0.249916,-0.390853,nan,False,
0.260172,-0.390853,nan,False,
0.270429,-0.390853,nan,False,
0.280685,-0.390853,nan,False,
0.290942,-0.390853,nan,False,
0.301198,-0.390853,nan,False,
0.311454,-0.390853,nan,False,
0.321711,-0.390853,nan,False,
0.331967,-0.390853,nan,False,
0.342224,-0.390853,nan,False,
0.35248,-0.390853,nan,False,
0.362736,-0.390853,nan,False,
0.372993,-0.390853,nan,False,
0.383249,-0.390853,nan,False,
0.393506,-0.390853,1.00301,True,
0.403762,-0.390853,nan,False,
0.00376213,-0.380469,nan,False,
0.0140185,-0.380469,nan,False,
0.024275,-0.380469,nan,False,
0.0345314,-0.380469,nan,False,
0.0447878,-0.380469,nan,False,
0.0550442,-0.380469,nan,False,
0.0653006,-0.380469,nan,False,
0.075557,-0.380469,nan,False,
0.0858134,-0.380469,nan,False,
0.0960698,-0.380469,nan,False,
0.106326,-0.380469,nan,False,
0.116583,-0.380469,nan,False,
0.126839,-0.380469,nan,False,
0.137095,-0.380469,nan,False,
0.147352,-0.380469,nan,False,
0.157608,-0.380469,nan,False,
0.167865,-0.380469,nan,False,
0.178121,-0.380469,nan,False,
0.188378,-0.380469,nan,False,
0.198634,-0.380469,nan,False,
0.20889,-0.380469,nan,False,
0.219147,-0.380469,nan,False,
0.229403,-0.380469,nan,False,
0.23966,-0.380469,nan,False,
0.249916,-0.380469,nan,False,
0.260172,-0.380469,nan,False,
0.270429,-0.380469,nan,False,
0.280685,-0.380469,nan,False,
0.290942,-0.380469,nan,False,
0.301198,-0.380469,nan,False,
0.311454,-0.380469,nan,False,
0.321711,-0.380469,nan,False,
0.331967,-0.380469,nan,False,
0.342224,-0.380469,nan,False,
0.35248,-0.380469,nan,False,
0.362736,-0.380469,nan,False,
0.372993,-0.380469,nan,False,
0.383249,-0.380469,0.979423,True,
0.393506,-0.380469,nan,False,
0.403762,-0.380469,nan,False,
0.00376213,-0.370084,nan,False,
0.0140185,-0.370084,nan,False,
0.024275,-0.370084,nan,False,
0.0345314,-0.370084,nan,False,
0.0447878,-0.370084,nan,False,
0.0550442,-0.370084,nan,False,
0.0653006,-0.370084,nan,False,
0.075557,-0.370084,nan,False,
0.0858134,-0.370084,nan,False,
0.0960698,-0.370084,nan,False,
0.106326,-0.370084,nan,False,
0.116583,-0.370084,nan,False,
0.126839,-0.370084,nan,False,
0.137095,-0.370084,nan,False,
0.147352,-0.370084,nan,False,
0.157608,-0.370084,nan,False,
0.167865,-0.370084,nan,False,
0.178121,-0.370084,nan,False,
0.188378,-0.370084,nan,False,
0.198634,-0.370084,nan,False,
0.20889,-0.370084,nan,False,
0.219147,-0.370084,nan,False,
0.229403,-0.370084,nan,False,
0.23966,-0.370084,nan,False,
0.249916,-0.370084,nan,False,
0.260172,-0.370084,nan,False,
0.270429,-0.370084,nan,False,
0.280685,-0.370084,nan,False,
0.290942,-0.370084,nan,False,
0.301198,-0.370084,nan,False,
0.311454,-0.370084,nan,False,
0.321711,-0.370084,nan,False,
0.331967,-0.370084,nan,False,
0.342224,-0.370084,nan,False,
0.35248,-0.370084,nan,False,
0.362736,-0.370084,nan,False,
0.372993,-0.370084,0.964749,True,
0.383249,-0.370084,nan,False,
0.393506,-0.370084,nan,False,
0.403762,-0.370084,nan,False,
0.00376213,-0.359699,nan,False,
0.0140185,-0.359699,nan,False,
0.024275,-0.359699,nan,False,
0.0345314,-0.359699,nan,False,
0.0447878,-0.359699,nan,False,
0.0550442,-0.359699,nan,False,
0.0653006,-0.359699,nan,False,
0.075557,-0.359699,nan,False,
0.0858134,-0.359699,nan,False,
0.0960698,-0.359699,nan,False,
0.106326,-0.359699,nan,False,
0.116583,-0.359699,nan,False,
0.126839,-0.359699,nan,False,
0.137095,-0.359699,nan,False,
0.147352,-0.359699,nan,False,
0.157608,-0.359699,nan,False,
0.167865,-0.359699,nan,False,
0.178121,-0.359699,nan,False,
0.188378,-0.359699,nan,False,
0.198634,-0.359699,nan,False,
0.20889,-0.359699,nan,False,
0.219147,-0.359699,nan,False,
0.229403,-0.359699,nan,False,
0.23966,-0.359699,nan,False,
0.249916,-0.359699,nan,False,
0.260172,-0.359699,nan,False,
0.270429,-0.359699,nan,False,
0.280685,-0.359699,nan,False,
0.290942,-0.359699,nan,False,
0.301198,-0.359699,nan,False,
0.311454,-0.359699,nan,False,
0.321711,-0.359699,nan,False,
0.331967,-0.359699,nan,False,
0.342224,-0.359699,nan,False,
0.35248,-0.359699,nan,False,
0.362736,-0.359699,0.954946,True,
0.372993,-0.359699,nan,False,
0.383249,-0.359699,nan,False,
0.393506,-0.359699,nan,False,
0.403762,-0.359699,nan,False,
0.00376213,-0.349315,nan,False,
0.0140185,-0.349315,nan,False,
0.024275,-0.349315,nan,False,
0.0345314,-0.349315,nan,False,
0.0447878,-0.349315,nan,False,
0.0550442,-0.349315,nan,False,
0.0653006,-0.349315,nan,False,
0.075557,-0.349315,nan,False,
0.0858134,-0.349315,nan,False,
0.0960698,-0.349315,nan,False,
0.106326,-0.349315,nan,False,
0.116583,-0.349315,nan,False,
0.126839,-0.349315,nan,False,
0.137095,-0.349315,nan,False,
0.147352,-0.349315,nan,False,
0.157608,-0.349315,nan,False,
0.167865,-0.349315,nan,False,
0.178121,-0.349315,nan,False,
0.188378,-0.349315,nan,False,
0.198634,-0.349315,nan,False,
0.20889,-0.349315,nan,False,
0.219147,-0.349315,nan,False,
0.229403,-0.349315,nan,False,
0.23966,-0.349315,nan,False,
0.249916,-0.349315,nan,False,
0.260172,-0.349315,nan,False,
0.270429,-0.349315,nan,False,
0.280685,-0.349315,nan,False,
0.290942,-0.349315,nan,False,
0.301198,-0.349315,nan,False,
0.311454,-0.349315,nan,False,
0.321711,-0.349315,nan,False,
0.331967,-0.349315,nan,False,
0.342224,-0.349315,nan,False,
0.35248,-0.349315,0.948236,True,
0.362736,-0.349315,nan,False,
0.372993,-0.349315,nan,False,
0.383249,-0.349315,nan,False,
0.393506,-0.349315,nan,False,
0.403762,-0.349315,nan,False,
0.00376213,-0.33893,nan,False,
0.0140185,-0.33893,nan,False,
0.024275,-0.33893,nan,False,
0.0345314,-0.33893,nan,False,
0.0447878,-0.33893,nan,False,
0.0550442,-0.33893,nan,False,
0.0653006,-0.33893,nan,False,
0.075557,-0.33893,nan,False,
0.0858134,-0.33893,nan,False,
0.0960698,-0.33893,nan,False,
0.106326,-0.33893,nan,False,
0.116583,-0.33893,nan,False,
0.126839,-0.33893,nan,False,
0.137095,-0.33893,nan,False,
0.147352,-0.33893,nan,False,
0.157608,-0.33893,nan,False,
0.167865,-0.33893,nan,False,
0.178121,-0.33893,nan,False,
0.188378,-0.33893,nan,False,
0.198634,-0.33893,nan,False,
0.20889,-0.33893,nan,False,
0.219147,-0.33893,nan,False,
0.229403,-0.33893,nan,False,
0.23966,-0.33893,nan,False,
0.249916,-0.33893,nan,False,
0.260172,-0.33893,nan,False,
0.270429,-0.33893,nan,False,
0.280685,-0.33893,nan,False,
0.290942,-0.33893,nan,False,
0.301198,-0.33893,nan,False,
0.311454,-0.33893,nan,False,
0.321711,-0.33893,nan,False,
0.331967,-0.33893,nan,False,
0.342224,-0.33893,0.942495,True,
0.35248,-0.33893,nan,False,
0.362736,-0.33893,nan,False,
0.372993,-0.33893,nan,False,
0.383249,-0.33893,nan,False,
0.393506,-0.33893,nan,False,
0.403762,-0.33893,nan,False,
0.00376213,-0.328546,nan,False,
0.0140185,-0.328546,nan,False,
0.024275,-0.328546,nan,False,
0.0345314,-0.328546,nan,False,
0.0447878,-0.328546,nan,False,
0.0550442,-0.328546,nan,False,
0.0653006,-0.328546,nan,False,
0.075557,-0.328546,nan,False,
0.0858134,-0.328546,nan,False,
0.0960698,-0.328546,nan,False,
0.106326,-0.328546,nan,False,
0.116583,-0.328546,nan,False,
0.126839,-0.328546,nan,False,
0.137095,-0.328546,nan,False,
0.147352,-0.328546,nan,False,
0.157608,-0.328546,nan,False,
0.167865,-0.328546,nan,False,
0.178121,-0.328546,nan,False,
0.188378,-0.328546,nan,False,
0.198634,-0.328546,nan,False,
0.20889,-0.328546,nan,False,
0.219147,-0.328546,nan,False,
0.229403,-0.328546,nan,False,
0.23966,-0.328546,nan,False,
0.249916,-0.328546,nan,False,
0.260172,-0.328546,nan,False,
0.270429,-0.328546,nan,False,
0.280685,-0.328546,nan,False,
0.290942,-0.328546,nan,False,
0.301198,-0.328546,nan,False,
0.311454,-0.328546,nan,False,
0.321711,-0.328546,nan,False,
0.331967,-0.328546,0.937832,True,
0.342224,-0.328546,nan,False,
0.35248,-0.328546,nan,False,
0.362736,-0.328546,nan,False,
0.372993,-0.328546,nan,False,
0.383249,-0.328546,nan,False,
0.393506,-0.328546,nan,False,
0.403762,-0.328546,nan,False,
0.00376213,-0.318161,nan,False,
0.0140185,-0.318161,nan,False,
0.024275,-0.318161,nan,False,
0.0345314,-0.318161,nan,False,
0.0447878,-0.318161,nan,False,
0.0550442,-0.318161,nan,False,
0.0653006,-0.318161,nan,False,
0.075557,-0.318161,nan,False,
0.0858134,-0.318161,nan,False,
0.0960698,-0.318161,nan,False,
0.106326,-0.318161,nan,False,
0.116583,-0.318161,nan,False,
0.126839,-0.318161,nan,False,
0.137095,-0.318161,nan,False,
0.147352,-0.318161,nan,False,
0.157608,-0.318161,nan,False,
0.167865,-0.318161,nan,False,
0.178121,-0.318161,nan,False,
0.188378,-0.318161,nan,False,
0.198634,-0.318161,nan,False,
0.20889,-0.318161,nan,False,
0.219147,-0.318161,nan,False,
0.229403,-0.318161,nan,False,
0.23966,-0.318161,nan,False,
0.249916,-0.318161,nan,False,
0.260172,-0.318161,nan,False,
0.270429,-0.318161,nan,False,
0.280685,-0.318161,nan,False,
0.290942,-0.318161,nan,False,
0.301198,-0.318161,nan,False,
0.311454,-0.318161,nan,False,
0.321711,-0.318161,0.934955,True,
0.331967,-0.318161,nan,False,
0.342224,-0.318161,nan,False,
0.35248,-0.318161,nan,False,
0.362736,-0.318161,nan,False,
0.372993,-0.318161,nan,False,
0.383249,-0.318161,nan,False,
0.393506,-0.318161,nan,False,
0.403762,-0.318161,nan,False,
0.00376213,-0.307776,nan,False,
0.0140185,-0.307776,nan,False,
0.024275,-0.307776,nan,False,
0.0345314,-0.307776,nan,False,
0.0447878,-0.307776,nan,False,
0.0550442,-0.307776,nan,False,
0.0653006,-0.307776,nan,False,
0.075557,-0.307776,nan,False,
0.0858134,-0.307776,nan,False,
0.0960698,-0.307776,nan,False,
0.106326,-0.307776,nan,False,
0.116583,-0.307776,nan,False,
0.126839,-0.307776,nan,False,
0.137095,-0.307776,nan,False,
0.147352,-0.307776,nan,False,
0.157608,-0.307776,nan,False,
0.167865,-0.307776,nan,False,
0.178121,-0.307776,nan,False,
0.188378,-0.307776,nan,False,
0.198634,-0.307776,nan,False,
0.20889,-0.307776,nan,False,
0.219147,-0.307776,nan,False,
0.229403,-0.307776,nan,False,
0.23966,-0.307776,nan,False,
0.249916,-0.307776,nan,False,
0.260172,-0.307776,nan,False,
0.270429,-0.307776,nan,False,
0.280685,-0.307776,nan,False,
0.290942,-0.307776,nan,False,
0.301198,-0.307776,nan,False,
0.311454,-0.307776,0.933165,True,
0.321711,-0.307776,nan,False,
0.331967,-0.307776,nan,False,
0.342224,-0.307776,nan,False,
0.35248,-0.307776,nan,False,
0.362736,-0.307776,nan,False,
0.372993,-0.307776,nan,False,
0.383249,-0.307776,nan,False,
0.393506,-0.307776,nan,False,
0.403762,-0.307776,nan,False,
0.00376213,-0.297392,nan,False,
0.0140185,-0.297392,nan,False,
0.024275,-0.297392,nan,False,
0.0345314,-0.297392,nan,False,
0.0447878,-0.297392,nan,False,
0.0550442,-0.297392,nan,False,
0.0653006,-0.297392,nan,False,
0.075557,-0.297392,nan,False,
0.0858134,-0.297392,nan,False,
0.0960698,-0.297392,nan,False,
0.106326,-0.297392,nan,False,
0.116583,-0.297392,nan,False,
0.126839,-0.297392,nan,False,
0.137095,-0.297392,nan,False,
0.147352,-0.297392,nan,False,
0.157608,-0.297392,nan,False,
0.167865,-0.297392,nan,False,
0.178121,-0.297392,nan,False,
0.188378,-0.297392,nan,False,
0.198634,-0.297392,nan,False,
0.20889,-0.297392,nan,False,
0.219147,-0.297392,nan,False,
0.229403,-0.297392,nan,False,
0.23966,-0.297392,nan,False,
0.249916,-0.297392,nan,False,
0.260172,-0.297392,nan,False,
0.270429,-0.297392,nan,False,
0.280685,-0.297392,nan,False,
0.290942,-0.297392,nan,False,
0.301198,-0.297392,0.931445,True,
0.311454,-0.297392,nan,False,
0.321711,-0.297392,nan,False,
0.331967,-0.297392,nan,False,
0.342224,-0.297392,nan,False,
0.35248,-0.297392,nan,False,
0.362736,-0.297392,nan,False,
0.372993,-0.297392,nan,False,
0.383249,-0.297392,nan,False,
0.393506,-0.297392,nan,False,
0.403762,-0.297392,nan,False,
0.00376213,-0.287007,nan,False,
0.0140185,-0.287007,nan,False,
0.024275,-0.287007,nan,False,
0.0345314,-0.287007,nan,False,
0.0447878,-0.287007,nan,False,
0.0550442,-0.287007,nan,False,
0.0653006,-0.287007,nan,False,
0.075557,-0.287007,nan,False,
0.0858134,-0.287007,nan,False,
0.0960698,-0.287007,nan,False,
0.106326,-0.287007,nan,False,
0.116583,-0.287007,nan,False,
0.126839,-0.287007,nan,False,
0.137095,-0.287007,nan,False,
0.147352,-0.287007,nan,False,
0.157608,-0.287007,nan,False,
0.167865,-0.287007,nan,False,
0.178121,-0.287007,nan,False,
0.188378,-0.287007,nan,False,
0.198634,-0.287007,nan,False,
0.20889,-0.287007,nan,False,
0.219147,-0.287007,nan,False,
0.229403,-0.287007,nan,False,
0.23966,-0.287007,nan,False,
0.249916,-0.287007,nan,False,
0.260172,-0.287007,nan,False,
0.270429,-0.287007,nan,False,
0.280685,-0.287007,nan,False,
0.290942,-0.287007,0.929721,True,
0.301198,-0.287007,nan,False,
0.311454,-0.287007,nan,False,
0.321711,-0.287007,nan,False,
0.331967,-0.287007,nan,False,
0.342224,-0.287007,nan,False,
0.35248,-0.287007,nan,False,
0.362736,-0.287007,nan,False,
0.372993,-0.287007,nan,False,
0.383249,-0.287007,nan,False,
0.393506,-0.287007,nan,False,
0.403762,-0.287007,nan,False,
0.00376213,-0.276622,nan,False,
0.0140185,-0.276622,nan,False,
0.024275,-0.276622,nan,False,
0.0345314,-0.276622,nan,False,
0.0447878,-0.276622,nan,False,
0.0550442,-0.276622,nan,False,
0.0653006,-0.276622,nan,False,
0.075557,-0.276622,nan,False,
0.0858134,-0.276622,nan,False,
0.0960698,-0.276622,nan,False,
0.106326,-0.276622,nan,False,
0.116583,-0.276622,nan,False,
0.126839,-0.276622,nan,False,
0.137095,-0.276622,nan,False,
0.147352,-0.276622,nan,False,
0.157608,-0.276622,nan,False,
0.167865,-0.276622,nan,False,
0.178121,-0.276622,nan,False,
0.188378,-0.276622,nan,False,
0.198634,-0.276622,nan,False,
0.20889,-0.276622,nan,False,
0.219147,-0.276622,nan,False,
0.229403,-0.276622,nan,False,
0.23966,-0.276622,nan,False,
0.249916,-0.276622,nan,False,
0.260172,-0.276622,nan,False,
0.270429,-0.276622,nan,False,
0.280685,-0.276622,0.928385,True,
0.290942,-0.276622,nan,False,
0.301198,-0.276622,nan,False,
0.311454,-0.276622,nan,False,
0.321711,-0.276622,nan,False,
0.331967,-0.276622,nan,False,
0.342224,-0.276622,nan,False,
0.35248,-0.276622,nan,False,
0.362736,-0.276622,nan,False,
0.372993,-0.276622,nan,False,
0.383249,-0.276622,nan,False,
0.393506,-0.276622,nan,False,
0.403762,-0.276622,nan,False,
0.00376213,-0.266238,nan,False,
0.0140185,-0.266238,nan,False,
0.024275,-0.266238,nan,False,
0.0345314,-0.266238,nan,False,
0.0447878,-0.266238,nan,False,
0.0550442,-0.266238,nan,False,
0.0653006,-0.266238,nan,False,
0.075557,-0.266238,nan,False,
0.0858134,-0.266238,nan,False,
0.0960698,-0.266238,nan,False,
0.106326,-0.266238,nan,False,
0.116583,-0.266238,nan,False,
0.126839,-0.266238,nan,False,
0.137095,-0.266238,nan,False,
0.147352,-0.266238,nan,False,
0.157608,-0.266238,nan,False,
0.167865,-0.266238,nan,False,
0.178121,-0.266238,nan,False,
0.188378,-0.266238,nan,False,
0.198634,-0.266238,nan,False,
0.20889,-0.266238,nan,False,
0.219147,-0.266238,nan,False,
0.229403,-0.266238,nan,False,
0.23966,-0.266238,nan,False,
0.249916,-0.266238,nan,False,
0.260172,-0.266238,nan,False,
0.270429,-0.266238,0.927254,True,
0.280685,-0.266238,nan,False,
0.290942,-0.266238,nan,False,
0.301198,-0.266238,nan,False,
0.311454,-0.266238,nan,False,
0.321711,-0.266238,nan,False,
0.331967,-0.266238,nan,False,
0.342224,-0.266238,nan,False,
0.35248,-0.266238,nan,False,
0.362736,-0.266238,nan,False,
0.372993,-0.266238,nan,False,
0.383249,-0.266238,nan,False,
0.393506,-0.266238,nan,False,
0.403762,-0.266238,nan,False,
0.00376213,-0.255853,nan,False,
0.0140185,-0.255853,nan,False,
0.024275,-0.255853,nan,False,
0.0345314,-0.255853,nan,False,
0.0447878,-0.255853,nan,False,
0.0550442,-0.255853,nan,False,
0.0653006,-0.255853,nan,False,
0.075557,-0.255853,nan,False,
0.0858134,-0.255853,nan,False,
0.0960698,-0.255853,nan,False,
0.106326,-0.255853,nan,False,
0.116583,-0.255853,nan,False,
0.126839,-0.255853,nan,False,
0.137095,-0.255853,nan,False,
0.147352,-0.255853,nan,False,
0.157608,-0.255853,nan,False,
0.167865,-0.255853,nan,False,
0.178121,-0.255853,nan,False,
0.188378,-0.255853,nan,False,
0.198634,-0.255853,nan,False,
0.20889,-0.255853,nan,False,
0.219147,-0.255853,nan,False,
0.229403,-0.255853,nan,False,
0.23966,-0.255853,nan,False,
0.249916,-0.255853,nan,False,
0.260172,-0.255853,0.92649,True,
0.270429,-0.255853,nan,False,
0.280685,-0.255853,nan,False,
0.290942,-0.255853,nan,False,
0.301198,-0.255853,nan,False,
0.311454,-0.255853,nan,False,
0.321711,-0.255853,nan,False,
0.331967,-0.255853,nan,False,
0.342224,-0.255853,nan,False,
0.35248,-0.255853,nan,False,
0.362736,-0.255853,nan,False,
0.372993,-0.255853,nan,False,
0.383249,-0.255853,nan,False,
0.393506,-0.255853,nan,False,
0.403762,-0.255853,nan,False,
0.00376213,-0.245469,nan,False,
0.0140185,-0.245469,nan,False,
0.024275,-0.245469,nan,False,
0.0345314,-0.245469,nan,False,
0.0447878,-0.245469,nan,False,
0.0550442,-0.245469,nan,False,
0.0653006,-0.245469,nan,False,
0.075557,-0.245469,nan,False,
0.0858134,-0.245469,nan,False,
0.0960698,-0.245469,nan,False,
0.106326,-0.245469,nan,False,
0.116583,-0.245469,nan,False,
0.126839,-0.245469,nan,False,
0.137095,-0.245469,nan,False,
0.147352,-0.245469,nan,False,
0.157608,-0.245469,nan,False,
0.167865,-0.245469,nan,False,
0.178121,-0.245469,nan,False,
0.188378,-0.245469,nan,False,
0.198634,-0.245469,nan,False,
0.20889,-0.245469,nan,False,
0.219147,-0.245469,nan,False,
0.229403,-0.245469,nan,False,
0.23966,-0.245469,nan,False,
0.249916,-0.245469,0.925455,True,
0.260172,-0.245469,nan,False,
0.270429,-0.245469,nan,False,
0.280685,-0.245469,nan,False,
0.290942,-0.245469,nan,False,
0.301198,-0.245469,nan,False,
0.311454,-0.245469,nan,False,
0.321711,-0.245469,nan,False,
0.331967,-0.245469,nan,False,
0.342224,-0.245469,nan,False,
0.35248,-0.245469,nan,False,
0.362736,-0.245469,nan,False,
0.372993,-0.245469,nan,False,
0.383249,-0.245469,nan,False,
0.393506,-0.245469,nan,False,
0.403762,-0.245469,nan,False,
0.00376213,-0.235084,nan,False,
0.0140185,-0.235084,nan,False,
0.024275,-0.235084,nan,False,
0.0345314,-0.235084,nan,False,
0.0447878,-0.235084,nan,False,
0.0550442,-0.235084,nan,False,
0.0653006,-0.235084,nan,False,
0.075557,-0.235084,nan,False,
0.0858134,-0.235084,nan,False,
0.0960698,-0.235084,nan,False,
0.106326,-0.235084,nan,False,
0.116583,-0.235084,nan,False,
0.126839,-0.235084,nan,False,
0.137095,-0.235084,nan,False,
0.147352,-0.235084,nan,False,
0.157608,-0.235084,nan,False,
0.167865,-0.235084,nan,False,
0.178121,-0.235084,nan,False,
0.188378,-0.235084,nan,False,
0.198634,-0.235084,nan,False,
0.20889,-0.235084,nan,False,
0.219147,-0.235084,nan,False,
0.229403,-0.235084,nan,False,
0.23966,-0.235084,0.924597,True,
0.249916,-0.235084,nan,False,
0.260172,-0.235084,nan,False,
0.270429,-0.235084,nan,False,
0.280685,-0.235084,nan,False,
0.290942,-0.235084,nan,False,
0.301198,-0.235084,nan,False,
0.311454,-0.235084,nan,False,
0.321711,-0.235084,nan,False,
0.331967,-0.235084,nan,False,
0.342224,-0.235084,nan,False,
0.35248,-0.235084,nan,False,
0.362736,-0.235084,nan,False,
0.372993,-0.235084,nan,False,
0.383249,-0.235084,nan,False,
0.393506,-0.235084,nan,False,
0.403762,-0.235084,nan,False,
0.00376213,-0.224699,nan,False,
0.0140185,-0.224699,nan,False,
0.024275,-0.224699,nan,False,
0.0345314,-0.224699,nan,False,
0.0447878,-0.224699,nan,False,
0.0550442,-0.224699,nan,False,
0.0653006,-0.224699,nan,False,
0.075557,-0.224699,nan,False,
0.0858134,-0.224699,nan,False,
0.0960698,-0.224699,nan,False,
0.106326,-0.224699,nan,False,
0.116583,-0.224699,nan,False,
0.126839,-0.224699,nan,False,
0.137095,-0.224699,nan,False,
0.147352,-0.224699,nan,False,
0.157608,-0.224699,nan,False,
0.167865,-0.224699,nan,False,
0.178121,-0.224699,nan,False,
0.188378,-0.224699,nan,False,
0.198634,-0.224699,nan,False,
0.20889,-0.224699,nan,False,
0.219147,-0.224699,nan,False,
0.229403,-0.224699,0.923531,True,
0.23966,-0.224699,nan,False,
0.249916,-0.224699,nan,False,
0.260172,-0.224699,nan,False,
0.270429,-0.224699,nan,False,
0.280685,-0.224699,nan,False,
0.290942,-0.224699,nan,False,
0.301198,-0.224699,nan,False,
0.311454,-0.224699,nan,False,
0.321711,-0.224699,nan,False,
0.331967,-0.224699,nan,False,
0.342224,-0.224699,nan,False,
0.35248,-0.224699,nan,False,
0.362736,-0.224699,nan,False,
0.372993,-0.224699,nan,False,
0.383249,-0.224699,nan,False,
0.393506,-0.224699,nan,False,
0.403762,-0.224699,nan,False,
0.00376213,-0.214315,nan,False,
0.0140185,-0.214315,nan,False,
0.024275,-0.214315,nan,False,
0.0345314,-0.214315,nan,False,
0.0447878,-0.214315,nan,False,
0.0550442,-0.214315,nan,False,
0.0653006,-0.214315,nan,False,
0.075557,-0.214315,nan,False,
0.0858134,-0.214315,nan,False,
0.0960698,-0.214315,nan,False,
0.106326,-0.214315,nan,False,
0.116583,-0.214315,nan,False,
0.126839,-0.214315,nan,False,
0.137095,-0.214315,nan,False,
0.147352,-0.214315,nan,False,
0.157608,-0.214315,nan,False,
0.167865,-0.214315,nan,False,
0.178121,-0.214315,nan,False,
0.188378,-0.214315,nan,False,
0.198634,-0.214315,nan,False,
0.20889,-0.214315,nan,False,
0.219147,-0.214315,0.922793,True,
0.229403,-0.214315,nan,False,
0.23966,-0.214315,nan,False,
0.249916,-0.214315,nan,False,
0.260172,-0.214315,nan,False,
0.270429,-0.214315,nan,False,
0.280685,-0.214315,nan,False,
0.290942,-0.214315,nan,False,
0.301198,-0.214315,nan,False,
0.311454,-0.214315,nan,False,
0.321711,-0.214315,nan,False,
0.331967,-0.214315,nan,False,
0.342224,-0.214315,nan,False,
0.35248,-0.214315,nan,False,
0.362736,-0.214315,nan,False,
0.372993,-0.214315,nan,False,
0.383249,-0.214315,nan,False,
0.393506,-0.214315,nan,False,
0.403762,-0.214315,nan,False,
0.00376213,-0.20393,nan,False,
0.0140185,-0.20393,nan,False,
0.024275,-0.20393,nan,False,
0.0345314,-0.20393,nan,False,
0.0447878,-0.20393,nan,False,
0.0550442,-0.20393,nan,False,
0.0653006,-0.20393,nan,False,
0.075557,-0.20393,nan,False,
0.0858134,-0.20393,nan,False,
0.0960698,-0.20393,nan,False,
0.106326,-0.20393,nan,False,
0.116583,-0.20393,nan,False,
0.126839,-0.20393,nan,False,
0.137095,-0.20393,nan,False,
0.147352,-0.20393,nan,False,
0.157608,-0.20393,nan,False,
0.167865,-0.20393,nan,False,
0.178121,-0.20393,nan,False,
0.188378,-0.20393,nan,False,
0.198634,-0.20393,nan,False,
0.20889,-0.20393,0.922048,True,
0.219147,-0.20393,nan,False,
0.229403,-0.20393,nan,False,
0.23966,-0.20393,nan,False,
0.249916,-0.20393,nan,False,
0.260172,-0.20393,nan,False,
0.270429,-0.20393,nan,False,
0.280685,-0.20393,nan,False,
0.290942,-0.20393,nan,False,
0.301198,-0.20393,nan,False,
0.311454,-0.20393,nan,False,
0.321711,-0.20393,nan,False,
0.331967,-0.20393,nan,False,
0.342224,-0.20393,nan,False,
0.35248,-0.20393,nan,False,
0.362736,-0.20393,nan,False,
0.372993,-0.20393,nan,False,
0.383249,-0.20393,nan,False,
0.393506,-0.20393,nan,False,
0.403762,-0.20393,nan,False,
0.00376213,-0.193546,nan,False,
0.0140185,-0.193546,nan,False,
0.024275,-0.193546,nan,False,
0.0345314,-0.193546,nan,False,
0.0447878,-0.193546,nan,False,
0.0550442,-0.193546,nan,False,
0.0653006,-0.193546,nan,False,
0.075557,-0.193546,nan,False,
0.0858134,-0.193546,nan,False,
0.0960698,-0.193546,nan,False,
0.106326,-0.193546,nan,False,
0.116583,-0.193546,nan,False,
0.126839,-0.193546,nan,False,
0.137095,-0.193546,nan,False,
0.147352,-0.193546,nan,False,
0.157608,-0.193546,nan,False,
0.167865,-0.193546,nan,False,
0.178121,-0.193546,nan,False,
0.188378,-0.193546,nan,False,
0.198634,-0.193546,0.921428,True,
0.20889,-0.193546,nan,False,
0.219147,-0.193546,nan,False,
0.229403,-0.193546,nan,False,
0.23966,-0.193546,nan,False,
0.249916,-0.193546,nan,False,
0.260172,-0.193546,nan,False,
0.270429,-0.193546,nan,False,
0.280685,-0.193546,nan,False,
0.290942,-0.193546,nan,False,
0.301198,-0.193546,nan,False,
0.311454,-0.193546,nan,False,
0.321711,-0.193546,nan,False,
0.331967,-0.193546,nan,False,
0.342224,-0.193546,nan,False,
0.35248,-0.193546,nan,False,
0.362736,-0.193546,nan,False,
0.372993,-0.193546,nan,False,
0.383249,-0.193546,nan,False,
0.393506,-0.193546,nan,False,
0.403762,-0.193546,nan,False,
0.00376213,-0.183161,nan,False,
0.0140185,-0.183161,nan,False,
0.024275,-0.183161,nan,False,
0.0345314,-0.183161,nan,False,
0.0447878,-0.183161,nan,False,
0.0550442,-0.183161,nan,False,
0.0653006,-0.183161,nan,False,
0.075557,-0.183161,nan,False,
0.0858134,-0.183161,nan,False,
0.0960698,-0.183161,nan,False,
0.106326,-0.183161,nan,False,
0.116583,-0.183161,nan,False,
0.126839,-0.183161,nan,False,
0.137095,-0.183161,nan,False,
0.147352,-0.183161,nan,False,
0.157608,-0.183161,nan,False,
0.167865,-0.183161,nan,False,
0.178121,-0.183161,nan,False,
0.188378,-0.183161,0.920545,True,
0.198634,-0.183161,nan,False,
0.20889,-0.183161,nan,False,
0.219147,-0.183161,nan,False,
0.229403,-0.183161,nan,False,
0.23966,-0.183161,nan,False,
0.249916,-0.183161,nan,False,
0.260172,-0.183161,nan,False,
0.270429,-0.183161,nan,False,
0.280685,-0.183161,nan,False,
0.290942,-0.183161,nan,False,
0.301198,-0.183161,nan,False,
0.311454,-0.183161,nan,False,
0.321711,-0.183161,nan,False,
0.331967,-0.183161,nan,False,
0.342224,-0.183161,nan,False,
0.35248,-0.183161,nan,False,
0.362736,-0.183161,nan,False,
0.372993,-0.183161,nan,False,
0.383249,-0.183161,nan,False,
0.393506,-0.183161,nan,False,
0.403762,-0.183161,nan,False,
0.00376213,-0.172776,nan,False,
0.0140185,-0.172776,nan,False,
0.024275,-0.172776,nan,False,
0.0345314,-0.172776,nan,False,
0.0447878,-0.172776,nan,False,
0.0550442,-0.172776,nan,False,
0.0653006,-0.172776,nan,False,
0.075557,-0.172776,nan,False,
0.0858134,-0.172776,nan,False,
0.0960698,-0.172776,nan,False,
0.106326,-0.172776,nan,False,
0.116583,-0.172776,nan,False,
0.126839,-0.172776,nan,False,
0.137095,-0.172776,nan,False,
0.147352,-0.172776,nan,False,
0.157608,-0.172776,nan,False,
0.167865,-0.172776,nan,False,
0.178121,-0.172776,0.919929,True,
0.188378,-0.172776,nan,False,
0.198634,-0.172776,nan,False,
0.20889,-0.172776,nan,False,
0.219147,-0.172776,nan,False,
0.229403,-0.172776,nan,False,
0.23966,-0.172776,nan,False,
0.249916,-0.172776,nan,False,
0.260172,-0.172776,nan,False,
0.270429,-0.172776,nan,False,
0.280685,-0.172776,nan,False,
0.290942,-0.172776,nan,False,
0.301198,-0.172776,nan,False,
0.311454,-0.172776,nan,False,
0.321711,-0.172776,nan,False,
0.331967,-0.172776,nan,False,
0.342224,-0.172776,nan,False,
0.35248,-0.172776,nan,False,
0.362736,-0.172776,nan,False,
0.372993,-0.172776,nan,False,
0.383249,-0.172776,nan,False,
0.393506,-0.172776,nan,False,
0.403762,-0.172776,nan,False,
0.00376213,-0.162392,nan,False,
0.0140185,-0.162392,nan,False,
0.024275,-0.162392,nan,False,
0.0345314,-0.162392,nan,False,
0.0447878,-0.162392,nan,False,
0.0550442,-0.162392,nan,False,
0.0653006,-0.162392,nan,False,
0.075557,-0.162392,nan,False,
0.0858134,-0.162392,nan,False,
0.0960698,-0.162392,nan,False,
0.106326,-0.162392,nan,False,
0.116583,-0.162392,nan,False,
0.126839,-0.162392,nan,False,
0.137095,-0.162392,nan,False,
0.147352,-0.162392,nan,False,
0.157608,-0.162392,nan,False,
0.167865,-0.162392,0.919384,True,
0.178121,-0.162392,nan,False,
0.188378,-0.162392,nan,False,
0.198634,-0.162392,nan,False,
0.20889,-0.162392,nan,False,
0.219147,-0.162392,nan,False,
0.229403,-0.162392,nan,False,
0.23966,-0.162392,nan,False,
0.249916,-0.162392,nan,False,
0.260172,-0.162392,nan,False,
0.270429,-0.162392,nan,False,
0.280685,-0.162392,nan,False,
0.290942,-0.162392,nan,False,
0.301198,-0.162392,nan,False,
0.311454,-0.162392,nan,False,
0.321711,-0.162392,nan,False,
0.331967,-0.162392,nan,False,
0.342224,-0.162392,nan,False,
0.35248,-0.162392,nan,False,
0.362736,-0.162392,nan,False,
0.372993,-0.162392,nan,False,
0.383249,-0.162392,nan,False,
0.393506,-0.162392,nan,False,
0.403762,-0.162392,nan,False,
0.00376213,-0.152007,nan,False,
0.0140185,-0.152007,nan,False,
0.024275,-0.152007,nan,False,
0.0345314,-0.152007,nan,False,
0.0447878,-0.152007,nan,False,
0.0550442,-0.152007,nan,False,
0.0653006,-0.152007,nan,False,
0.075557,-0.152007,nan,False,
0.0858134,-0.152007,nan,False,
0.0960698,-0.152007,nan,False,
0.106326,-0.152007,nan,False,
0.116583,-0.152007,nan,False,
0.126839,-0.152007,nan,False,
0.137095,-0.152007,nan,False,
0.147352,-0.152007,nan,False,
0.157608,-0.152007,0.918974,True,
0.167865,-0.152007,nan,False,
0.178121,-0.152007,nan,False,
0.188378,-0.152007,nan,False,
0.198634,-0.152007,nan,False,
0.20889,-0.152007,nan,False,
0.219147,-0.152007,nan,False,
0.229403,-0.152007,nan,False,
0.23966,-0.152007,nan,False,
0.249916,-0.152007,nan,False,
0.260172,-0.152007,nan,False,
0.270429,-0.152007,nan,False,
0.280685,-0.152007,nan,False,
0.290942,-0.152007,nan,False,
0.301198,-0.152007,nan,False,
0.311454,-0.152007,nan,False,
0.321711,-0.152007,nan,False,
0.331967,-0.152007,nan,False,
0.342224,-0.152007,nan,False,
0.35248,-0.152007,nan,False,
0.362736,-0.152007,nan,False,
0.372993,-0.152007,nan,False,
0.383249,-0.152007,nan,False,
0.393506,-0.152007,nan,False,
0.403762,-0.152007,nan,False,
0.00376213,-0.141622,nan,False,
0.0140185,-0.141622,nan,False,
0.024275,-0.141622,nan,False,
0.0345314,-0.141622,nan,False,
0.0447878,-0.141622,nan,False,
0.0550442,-0.141622,nan,False,
0.0653006,-0.141622,nan,False,
0.075557,-0.141622,nan,False,
0.0858134,-0.141622,nan,False,
0.0960698,-0.141622,nan,False,
0.106326,-0.141622,nan,False,
0.116583,-0.141622,nan,False,
0.126839,-0.141622,nan,False,
0.137095,-0.141622,nan,False,
0.147352,-0.141622,0.918373,True,
0.157608,-0.141622,nan,False,
0.167865,-0.141622,nan,False,
0.178121,-0.141622,nan,False,
0.188378,-0.141622,nan,False,
0.198634,-0.141622,nan,False,
0.20889,-0.141622,nan,False,
0.219147,-0.141622,nan,False,
0.229403,-0.141622,nan,False,
0.23966,-0.141622,nan,False,
0.249916,-0.141622,nan,False,
0.260172,-0.141622,nan,False,
0.270429,-0.141622,nan,False,
0.280685,-0.141622,nan,False,
0.290942,-0.141622,nan,False,
0.301198,-0.141622,nan,False,
0.311454,-0.141622,nan,False,
0.321711,-0.141622,nan,False,
0.331967,-0.141622,nan,False,
0.342224,-0.141622,nan,False,
0.35248,-0.141622,nan,False,
0.362736,-0.141622,nan,False,
0.372993,-0.141622,nan,False,
0.383249,-0.141622,nan,False,
0.393506,-0.141622,nan,False,
0.403762,-0.141622,nan,False,
0.00376213,-0.131238,nan,False,
0.0140185,-0.131238,nan,False,
0.024275,-0.131238,nan,False,
0.0345314,-0.131238,nan,False,
0.0447878,-0.131238,nan,False,
0.0550442,-0.131238,nan,False,
0.0653006,-0.131238,nan,False,
0.075557,-0.131238,nan,False,
0.0858134,-0.131238,nan,False,
0.0960698,-0.131238,nan,False,
0.106326,-0.131238,nan,False,
0.116583,-0.131238,nan,False,
0.126839,-0.131238,nan,False,
0.137095,-0.131238,0.918296,True,
0.147352,-0.131238,nan,False,
0.157608,-0.131238,nan,False,
0.167865,-0.131238,nan,False,
0.178121,-0.131238,nan,False,
0.188378,-0.131238,nan,False,
0.198634,-0.131238,nan,False,
0.20889,-0.131238,nan,False,
0.219147,-0.131238,nan,False,
0.229403,-0.131238,nan,False,
0.23966,-0.131238,nan,False,
0.249916,-0.131238,nan,False,
0.260172,-0.131238,nan,False,
0.270429,-0.131238,nan,False,
0.280685,-0.131238,nan,False,
0.290942,-0.131238,nan,False,
0.301198,-0.131238,nan,False,
0.311454,-0.131238,nan,False,
0.321711,-0.131238,nan,False,
0.331967,-0.131238,nan,False,
0.342224,-0.131238,nan,False,
0.35248,-0.131238,nan,False,
0.362736,-0.131238,nan,False,
0.372993,-0.131238,nan,False,
0.383249,-0.131238,nan,False,
0.393506,-0.131238,nan,False,
0.403762,-0.131238,nan,False,
0.00376213,-0.120853,nan,False,
0.0140185,-0.120853,nan,False,
0.024275,-0.120853,nan,False,
0.0345314,-0.120853,nan,False,
0.0447878,-0.120853,nan,False,
0.0550442,-0.120853,nan,False,
0.0653006,-0.120853,nan,False,
0.075557,-0.120853,nan,False,
0.0858134,-0.120853,nan,False,
0.0960698,-0.120853,nan,False,
0.106326,-0.120853,nan,False,
0.116583,-0.120853,nan,False,
0.126839,-0.120853,0.917892,True,
0.137095,-0.120853,nan,False,
0.147352,-0.120853,nan,False,
0.157608,-0.120853,nan,False,
0.167865,-0.120853,nan,False,
0.178121,-0.120853,nan,False,
0.188378,-0.120853,nan,False,
0.198634,-0.120853,nan,False,
0.20889,-0.120853,nan,False,
0.219147,-0.120853,nan,False,
0.229403,-0.120853,nan,False,
0.23966,-0.120853,nan,False,
0.249916,-0.120853,nan,False,
0.260172,-0.120853,nan,False,
0.270429,-0.120853,nan,False,
0.280685,-0.120853,nan,False,
0.290942,-0.120853,nan,False,
0.301198,-0.120853,nan,False,
0.311454,-0.120853,nan,False,
0.321711,-0.120853,nan,False,
0.331967,-0.120853,nan,False,
0.342224,-0.120853,nan,False,
0.35248,-0.120853,nan,False,
0.362736,-0.120853,nan,False,
0.372993,-0.120853,nan,False,
0.383249,-0.120853,nan,False,
0.393506,-0.120853,nan,False,
0.403762,-0.120853,nan,False,
0.00376213,-0.110469,nan,False,
0.0140185,-0.110469,nan,False,
0.024275,-0.110469,nan,False,
0.0345314,-0.110469,nan,False,
0.0447878,-0.110469,nan,False,
0.0550442,-0.110469,nan,False,
0.0653006,-0.110469,nan,False,
0.075557,-0.110469,nan,False,
0.0858134,-0.110469,nan,False,
0.0960698,-0.110469,nan,False,
0.106326,-0.110469,nan,False,
0.116583,-0.110469,0.917694,True,
0.126839,-0.110469,nan,False,
0.137095,-0.110469,nan,False,
0.147352,-0.110469,nan,False,
0.157608,-0.110469,nan,False,
0.167865,-0.110469,nan,False,
0.178121,-0.110469,nan,False,
0.188378,-0.110469,nan,False,
0.198634,-0.110469,nan,False,
0.20889,-0.110469,nan,False,
0.219147,-0.110469,nan,False,
0.229403,-0.110469,nan,False,
0.23966,-0.110469,nan,False,
0.249916,-0.110469,nan,False,
0.260172,-0.110469,nan,False,
0.270429,-0.110469,nan,False,
0.280685,-0.110469,nan,False,
0.290942,-0.110469,nan,False,
0.301198,-0.110469,nan,False,
0.311454,-0.110469,nan,False,
0.321711,-0.110469,nan,False,
0.331967,-0.110469,nan,False,
0.342224,-0.110469,nan,False,
0.35248,-0.110469,nan,False,
0.362736,-0.110469,nan,False,
0.372993,-0.110469,nan,False,
0.383249,-0.110469,nan,False,
0.393506,-0.110469,nan,False,
0.403762,-0.110469,nan,False,
0.00376213,-0.100084,nan,False,
0.0140185,-0.100084,nan,False,
0.024275,-0.100084,nan,False,
0.0345314,-0.100084,nan,False,
0.0447878,-0.100084,nan,False,
0.0550442,-0.100084,nan,False,
0.0653006,-0.100084,nan,False,
0.075557,-0.100084,nan,False,
0.0858134,-0.100084,nan,False,
0.0960698,-0.100084,nan,False,
0.106326,-0.100084,0.917672,True,
0.116583,-0.100084,nan,False,
0.126839,-0.100084,nan,False,
0.137095,-0.100084,nan,False,
0.147352,-0.100084,nan,False,
0.157608,-0.100084,nan,False,
0.167865,-0.100084,nan,False,
0.178121,-0.100084,nan,False,
0.188378,-0.100084,nan,False,
0.198634,-0.100084,nan,False,
0.20889,-0.100084,nan,False,
0.219147,-0.100084,nan,False,
0.229403,-0.100084,nan,False,
0.23966,-0.100084,nan,False,
0.249916,-0.100084,nan,False,
0.260172,-0.100084,nan,False,
0.270429,-0.100084,nan,False,
0.280685,-0.100084,nan,False,
0.290942,-0.100084,nan,False,
0.301198,-0.100084,nan,False,
0.311454,-0.100084,nan,False,
0.321711,-0.100084,nan,False,
0.331967,-0.100084,nan,False,
0.342224,-0.100084,nan,False,
0.35248,-0.100084,nan,False,
0.362736,-0.100084,nan,False,
0.372993,-0.100084,nan,False,
0.383249,-0.100084,nan,False,
0.393506,-0.100084,nan,False,
0.403762,-0.100084,nan,False,
0.00376213,-0.0896994,nan,False,
0.0140185,-0.0896994,nan,False,
0.024275,-0.0896994,nan,False,
0.0345314,-0.0896994,nan,False,
0.0447878,-0.0896994,nan,False,
0.0550442,-0.0896994,nan,False,
0.0653006,-0.0896994,nan,False,
0.075557,-0.0896994,nan,False,
0.0858134,-0.0896994,nan,False,
0.0960698,-0.0896994,0.917414,True,
0.106326,-0.0896994,nan,False,
0.116583,-0.0896994,nan,False,
0.126839,-0.0896994,nan,False,
0.137095,-0.0896994,nan,False,
0.147352,-0.0896994,nan,False,
0.157608,-0.0896994,nan,False,
0.167865,-0.0896994,nan,False,
0.178121,-0.0896994,nan,False,
0.188378,-0.0896994,nan,False,
0.198634,-0.0896994,nan,False,
0.20889,-0.0896994,nan,False,
0.219147,-0.0896994,nan,False,
0.229403,-0.0896994,nan,False,
0.23966,-0.0896994,nan,False,
0.249916,-0.0896994,nan,False,
0.260172,-0.0896994,nan,False,
0.270429,-0.0896994,nan,False,
0.280685,-0.0896994,nan,False,
0.290942,-0.0896994,nan,False,
0.301198,-0.0896994,nan,False,
0.311454,-0.0896994,nan,False,
0.321711,-0.0896994,nan,False,
0.331967,-0.0896994,nan,False,
0.342224,-0.0896994,nan,False,
0.35248,-0.0896994,nan,False,
0.362736,-0.0896994,nan,False,
0.372993,-0.0896994,nan,False,
0.383249,-0.0896994,nan,False,
0.393506,-0.0896994,nan,False,
0.403762,-0.0896994,nan,False,
0.00376213,-0.0793148,nan,False,
0.0140185,-0.0793148,nan,False,
0.024275,-0.0793148,nan,False,
0.0345314,-0.0793148,nan,False,
0.0447878,-0.0793148,nan,False,
0.0550442,-0.0793148,nan,False,
0.0653006,-0.0793148,nan,False,
0.075557,-0.0793148,nan,False,
0.0858134,-0.0793148,0.917752,True,
0.0960698,-0.0793148,nan,False,
0.106326,-0.0793148,nan,False,
0.116583,-0.0793148,nan,False,
0.126839,-0.0793148,nan,False,
0.137095,-0.0793148,nan,False,
0.147352,-0.0793148,nan,False,
0.157608,-0.0793148,nan,False,
0.167865,-0.0793148,nan,False,
0.178121,-0.0793148,nan,False,
0.188378,-0.0793148,nan,False,
0.198634,-0.0793148,nan,False,
0.20889,-0.0793148,nan,False,
0.219147,-0.0793148,nan,False,
0.229403,-0.0793148,nan,False,
0.23966,-0.0793148,nan,False,
0.249916,-0.0793148,nan,False,
0.260172,-0.0793148,nan,False,
0.270429,-0.0793148,nan,False,
0.280685,-0.0793148,nan,False,
0.290942,-0.0793148,nan,False,
0.301198,-0.0793148,nan,False,
0.311454,-0.0793148,nan,False,
0.321711,-0.0793148,nan,False,
0.331967,-0.0793148,nan,False,
0.342224,-0.0793148,nan,False,
0.35248,-0.0793148,nan,False,
0.362736,-0.0793148,nan,False,
0.372993,-0.0793148,nan,False,
0.383249,-0.0793148,nan,False,
0.393506,-0.0793148,nan,False,
0.403762,-0.0793148,nan,False,
0.00376213,-0.0689302,nan,False,
0.0140185,-0.0689302,nan,False,
0.024275,-0.0689302,nan,False,
0.0345314,-0.0689302,nan,False,
0.0447878,-0.0689302,nan,False,
0.0550442,-0.0689302,nan,False,
0.0653006,-0.0689302,nan,False,
0.075557,-0.0689302,0.918085,True,
0.0858134,-0.0689302,nan,False,
0.0960698,-0.0689302,nan,False,
0.106326,-0.0689302,nan,False,
0.116583,-0.0689302,nan,False,
0.126839,-0.0689302,nan,False,
0.137095,-0.0689302,nan,False,
0.147352,-0.0689302,nan,False,
0.157608,-0.0689302,nan,False,
0.167865,-0.0689302,nan,False,
0.178121,-0.0689302,nan,False,
0.188378,-0.0689302,nan,False,
0.198634,-0.0689302,nan,False,
0.20889,-0.0689302,nan,False,
0.219147,-0.0689302,nan,False,
0.229403,-0.0689302,nan,False,
0.23966,-0.0689302,nan,False,
0.249916,-0.0689302,nan,False,
0.260172,-0.0689302,nan,False,
0.270429,-0.0689302,nan,False,
0.280685,-0.0689302,nan,False,
0.290942,-0.0689302,nan,False,
0.301198,-0.0689302,nan,False,
0.311454,-0.0689302,nan,False,
0.321711,-0.0689302,nan,False,
0.331967,-0.0689302,nan,False,
0.342224,-0.0689302,nan,False,
0.35248,-0.0689302,nan,False,
0.362736,-0.0689302,nan,False,
0.372993,-0.0689302,nan,False,
0.383249,-0.0689302,nan,False,
0.393506,-0.0689302,nan,False,
0.403762,-0.0689302,nan,False,
0.00376213,-0.0585456,nan,False,
0.0140185,-0.0585456,nan,False,
0.024275,-0.0585456,nan,False,
0.0345314,-0.0585456,nan,False,
0.0447878,-0.0585456,nan,False,
0.0550442,-0.0585456,nan,False,
0.0653006,-0.0585456,0.918823,True,
0.075557,-0.0585456,nan,False,
0.0858134,-0.0585456,nan,False,
0.0960698,-0.0585456,nan,False,
0.106326,-0.0585456,nan,False,
0.116583,-0.0585456,nan,False,
0.126839,-0.0585456,nan,False,
0.137095,-0.0585456,nan,False,
0.147352,-0.0585456,nan,False,
0.157608,-0.0585456,nan,False,
0.167865,-0.0585456,nan,False,
0.178121,-0.0585456,nan,False,
0.188378,-0.0585456,nan,False,
0.198634,-0.0585456,nan,False,
0.20889,-0.0585456,nan,False,
0.219147,-0.0585456,nan,False,
0.229403,-0.0585456,nan,False,
0.23966,-0.0585456,nan,False,
0.249916,-0.0585456,nan,False,
0.260172,-0.0585456,nan,False,
0.270429,-0.0585456,nan,False,
0.280685,-0.0585456,nan,False,
0.290942,-0.0585456,nan,False,
0.301198,-0.0585456,nan,False,
0.311454,-0.0585456,nan,False,
0.321711,-0.0585456,nan,False,
0.331967,-0.0585456,nan,False,
0.342224,-0.0585456,nan,False,
0.35248,-0.0585456,nan,False,
0.362736,-0.0585456,nan,False,
0.372993,-0.0585456,nan,False,
0.383249,-0.0585456,nan,False,
0.393506,-0.0585456,nan,False,
0.403762,-0.0585456,nan,False,
0.00376213,-0.0481609,nan,False,
0.0140185,-0.0481609,nan,False,
0.024275,-0.0481609,nan,False,
0.0345314,-0.0481609,nan,False,
0.0447878,-0.0481609,nan,False,
0.0550442,-0.0481609,0.920271,True,
0.0653006,-0.0481609,nan,False,
0.075557,-0.0481609,nan,False,
0.0858134,-0.0481609,nan,False,
0.0960698,-0.0481609,nan,False,
0.106326,-0.0481609,nan,False,
0.116583,-0.0481609,nan,False,
0.126839,-0.0481609,nan,False,
0.137095,-0.0481609,nan,False,
0.147352,-0.0481609,nan,False,
0.157608,-0.0481609,nan,False,
0.167865,-0.0481609,nan,False,
0.178121,-0.0481609,nan,False,
0.188378,-0.0481609,nan,False,
0.198634,-0.0481609,nan,False,
0.20889,-0.0481609,nan,False,
0.219147,-0.0481609,nan,False,
0.229403,-0.0481609,nan,False,
0.23966,-0.0481609,nan,False,
0.249916,-0.0481609,nan,False,
0.260172,-0.0481609,nan,False,
0.270429,-0.0481609,nan,False,
0.280685,-0.0481609,nan,False,
0.290942,-0.0481609,nan,False,
0.301198,-0.0481609,nan,False,
0.311454,-0.0481609,nan,False,
0.321711,-0.0481609,nan,False,
0.331967,-0.0481609,nan,False,
0.342224,-0.0481609,nan,False,
0.35248,-0.0481609,nan,False,
0.362736,-0.0481609,nan,False,
0.372993,-0.0481609,nan,False,
0.383249,-0.0481609,nan,False,
0.393506,-0.0481609,nan,False,
0.403762,-0.0481609,nan,False,
0.00376213,-0.0377763,nan,False,
0.0140185,-0.0377763,nan,False,
0.024275,-0.0377763,nan,False,
0.0345314,-0.0377763,nan,False,
0.0447878,-0.0377763,0.923012,True,
0.0550442,-0.0377763,nan,False,
0.0653006,-0.0377763,nan,False,
0.075557,-0.0377763,nan,False,
0.0858134,-0.0377763,nan,False,
0.0960698,-0.0377763,nan,False,
0.106326,-0.0377763,nan,False,
0.116583,-0.0377763,nan,False,
0.126839,-0.0377763,nan,False,
0.137095,-0.0377763,nan,False,
0.147352,-0.0377763,nan,False,
0.157608,-0.0377763,nan,False,
0.167865,-0.0377763,nan,False,
0.178121,-0.0377763,nan,False,
0.188378,-0.0377763,nan,False,
0.198634,-0.0377763,nan,False,
0.20889,-0.0377763,nan,False,
0.219147,-0.0377763,nan,False,
0.229403,-0.0377763,nan,False,
0.23966,-0.0377763,nan,False,
0.249916,-0.0377763,nan,False,
0.260172,-0.0377763,nan,False,
0.270429,-0.0377763,nan,False,
0.280685,-0.0377763,nan,False,
0.290942,-0.0377763,nan,False,
0.301198,-0.0377763,nan,False,
0.311454,-0.0377763,nan,False,
0.321711,-0.0377763,nan,False,
0.331967,-0.0377763,nan,False,
0.342224,-0.0377763,nan,False,
0.35248,-0.0377763,nan,False,
0.362736,-0.0377763,nan,False,
0.372993,-0.0377763,nan,False,
0.383249,-0.0377763,nan,False,
0.393506,-0.0377763,nan,False,
0.403762,-0.0377763,nan,False,
0.00376213,-0.0273917,nan,False,
0.0140185,-0.0273917,nan,False,
0.024275,-0.0273917,nan,False,
0.0345314,-0.0273917,0.927248,True,
0.0447878,-0.0273917,nan,False,
0.0550442,-0.0273917,nan,False,
0.0653006,-0.0273917,nan,False,
0.075557,-0.0273917,nan,False,
0.0858134,-0.0273917,nan,False,
0.0960698,-0.0273917,nan,False,
0.106326,-0.0273917,nan,False,
0.116583,-0.0273917,nan,False,
0.126839,-0.0273917,nan,False,
0.137095,-0.0273917,nan,False,
0.147352,-0.0273917,nan,False,
0.157608,-0.0273917,nan,False,
0.167865,-0.0273917,nan,False,
0.178121,-0.0273917,nan,False,
0.188378,-0.0273917,nan,False,
0.198634,-0.0273917,nan,False,
0.20889,-0.0273917,nan,False,
0.219147,-0.0273917,nan,False,
0.229403,-0.0273917,nan,False,
0.23966,-0.0273917,nan,False,
0.249916,-0.0273917,nan,False,
0.260172,-0.0273917,nan,False,
0.270429,-0.0273917,nan,False,
0.280685,-0.0273917,nan,False,
0.290942,-0.0273917,nan,False,
0.301198,-0.0273917,nan,False,
0.311454,-0.0273917,nan,False,
0.321711,-0.0273917,nan,False,
0.331967,-0.0273917,nan,False,
0.342224,-0.0273917,nan,False,
0.35248,-0.0273917,nan,False,
0.362736,-0.0273917,nan,False,
0.372993,-0.0273917,nan,False,
0.383249,-0.0273917,nan,False,
0.393506,-0.0273917,nan,False,
0.403762,-0.0273917,nan,False,
0.00376213,-0.0170071,nan,False,
0.0140185,-0.0170071,nan,False,
0.024275,-0.0170071,0.933894,True,
0.0345314,-0.0170071,nan,False,
0.0447878,-0.0170071,nan,False,
0.0550442,-0.0170071,nan,False,
0.0653006,-0.0170071,nan,False,
0.075557,-0.0170071,nan,False,
0.0858134,-0.0170071,nan,False,
0.0960698,-0.0170071,nan,False,
0.106326,-0.0170071,nan,False,
0.116583,-0.0170071,nan,False,
0.126839,-0.0170071,nan,False,
0.137095,-0.0170071,nan,False,
0.147352,-0.0170071,nan,False,
0.157608,-0.0170071,nan,False,
0.167865,-0.0170071,nan,False,
0.178121,-0.0170071,nan,False,
0.188378,-0.0170071,nan,False,
0.198634,-0.0170071,nan,False,
0.20889,-0.0170071,nan,False,
0.219147,-0.0170071,nan,False,
0.229403,-0.0170071,nan,False,
0.23966,-0.0170071,nan,False,
0.249916,-0.0170071,nan,False,
0.260172,-0.0170071,nan,False,
0.270429,-0.0170071,nan,False,
0.280685,-0.0170071,nan,False,
0.290942,-0.0170071,nan,False,
0.301198,-0.0170071,nan,False,
0.311454,-0.0170071,nan,False,
0.321711,-0.0170071,nan,False,
0.331967,-0.0170071,nan,False,
0.342224,-0.0170071,nan,False,
0.35248,-0.0170071,nan,False,
0.362736,-0.0170071,nan,False,
0.372993,-0.0170071,nan,False,
0.383249,-0.0170071,nan,False,
0.393506,-0.0170071,nan,False,
0.403762,-0.0170071,nan,False,
0.00376213,-0.00662248,nan,False,
0.0140185,-0.00662248,0.948371,True,
0.024275,-0.00662248,nan,False,
0.0345314,-0.00662248,nan,False,
0.0447878,-0.00662248,nan,False,
0.0550442,-0.00662248,nan,False,
0.0653006,-0.00662248,nan,False,
0.075557,-0.00662248,nan,False,
0.0858134,-0.00662248,nan,False,
0.0960698,-0.00662248,nan,False,
0.106326,-0.00662248,nan,False,
0.116583,-0.00662248,nan,False,
0.126839,-0.00662248,nan,False,
0.137095,-0.00662248,nan,False,
0.147352,-0.00662248,nan,False,
0.157608,-0.00662248,nan,False,
0.167865,-0.00662248,nan,False,
0.178121,-0.00662248,nan,False,
0.188378,-0.00662248,nan,False,
0.198634,-0.00662248,nan,False,
0.20889,-0.00662248,nan,False,
0.219147,-0.00662248,nan,False,
0.229403,-0.00662248,nan,False,
0.23966,-0.00662248,nan,False,
0.249916,-0.00662248,nan,False,
0.260172,-0.00662248,nan,False,
0.270429,-0.00662248,nan,False,
0.280685,-0.00662248,nan,False,
0.290942,-0.00662248,nan,False,
0.301198,-0.00662248,nan,False,
0.311454,-0.00662248,nan,False,
0.321711,-0.00662248,nan,False,
0.331967,-0.00662248,nan,False,
0.342224,-0.00662248,nan,False,
0.35248,-0.00662248,nan,False,
0.362736,-0.00662248,nan,False,
0.372993,-0.00662248,nan,False,
0.383249,-0.00662248,nan,False,
0.393506,-0.00662248,nan,False,
0.403762,-0.00662248,nan,False,
0.00376213,0.00376213,1.04537,True,
0.0140185,0.00376213,nan,False,
0.024275,0.00376213,nan,False,
0.0345314,0.00376213,nan,False,
0.0447878,0.00376213,nan,False,
0.0550442,0.00376213,nan,False,
0.0653006,0.00376213,nan,False,
0.075557,0.00376213,nan,False,
0.0858134,0.00376213,nan,False,
0.0960698,0.00376213,nan,False,
0.106326,0.00376213,nan,False,
0.116583,0.00376213,nan,False,
0.126839,0.00376213,nan,False,
0.137095,0.00376213,nan,False,
0.147352,0.00376213,nan,False,
0.157608,0.00376213,nan,False,
0.167865,0.00376213,nan,False,
0.178121,0.00376213,nan,False,
0.188378,0.00376213,nan,False,
0.198634,0.00376213,nan,False,
0.20889,0.00376213,nan,False,
0.219147,0.00376213,nan,False,
0.229403,0.00376213,nan,False,
0.23966,0.00376213,nan,False,
0.249916,0.00376213,nan,False,
0.260172,0.00376213,nan,False,
0.270429,0.00376213,nan,False,
0.280685,0.00376213,nan,False,
0.290942,0.00376213,nan,False,
0.301198,0.00376213,nan,False,
0.311454,0.00376213,nan,False,
0.321711,0.00376213,nan,False,
0.331967,0.00376213,nan,False,
0.342224,0.00376213,nan,False,
0.35248,0.00376213,nan,False,
0.362736,0.00376213,nan,False,
0.372993,0.00376213,nan,False,
0.383249,0.00376213,nan,False,
0.393506,0.00376213,nan,False,
0.403762,0.00376213,nan,False,
